id,first_name,last_name,email,gender,ip_address
1,Korry,Dingsdale,kdingsdale0@mlb.com,Female,210.66.232.145
2,Catherine,Bradnick,cbradnick1@ucoz.ru,Non-binary,37.133.220.31
3,Herold,Farncomb,hfarncomb2@hibu.com,Male,247.177.163.52
4,Rodolphe,Hemphrey,rhemphrey3@de.vu,Male,37.189.52.170
5,Miltie,Keady,mkeady4@nasa.gov,Male,65.108.46.6
6,Evita,Layborn,elayborn5@ehow.com,Female,21.17.218.45
7,Markos,Siddle,msiddle6@prlog.org,Male,253.236.12.180
8,Rollin,Wallbanks,rwallbanks7@furl.net,Male,221.18.37.16
9,Damita,Ingram,dingram8@google.com,Female,82.59.233.105
10,Thadeus,Keneforde,tkeneforde9@bloglines.com,Male,30.19.197.68
11,Kahlil,Bittleson,kbittlesona@discuz.net,Male,250.73.244.36
12,Cristian,Ayllett,cayllettb@moonfruit.com,Male,231.88.104.108
13,Casar,Tatershall,ctatershallc@imageshack.us,Male,140.156.169.145
14,Teresita,Inns,tinnsd@shinystat.com,Female,253.30.150.151
15,Joelle,Kastel,jkastele@kickstarter.com,Female,165.28.125.95
16,Jyoti,Stemp,jstempf@surveymonkey.com,Female,123.135.118.227
17,Archy,Braunlein,abraunleing@columbia.edu,Male,130.43.223.140
18,Clyve,Dhenin,cdheninh@macromedia.com,Male,144.174.230.3
19,Broderic,Beminster,bbeminsteri@pbs.org,Male,205.87.253.235
20,Raquela,Bengall,rbengallj@icio.us,Female,148.16.55.53
21,Von,Stubbes,vstubbesk@pagesperso-orange.fr,Male,57.0.111.135
22,Brook,Sturges,bsturgesl@usgs.gov,Male,85.15.42.163
23,Wenda,Santer,wsanterm@parallels.com,Female,50.206.222.32
24,Glennis,Voules,gvoulesn@smh.com.au,Non-binary,17.221.249.195
25,Engracia,Caddock,ecaddocko@devhub.com,Female,155.58.240.207
26,Julianna,Habberjam,jhabberjamp@biglobe.ne.jp,Female,122.111.54.97
27,Gleda,Kubes,gkubesq@cloudflare.com,Female,29.226.116.208
28,Cesare,Corstorphine,ccorstorphiner@newyorker.com,Male,127.98.210.129
29,Farrel,Prigmore,fprigmores@virginia.edu,Male,6.134.142.248
30,Lion,Dunsmuir,ldunsmuirt@nba.com,Male,17.3.90.65
31,Kalinda,Riccardi,kriccardiu@pen.io,Female,83.77.235.125
32,Mozes,Curreen,mcurreenv@gravatar.com,Male,192.232.55.110
33,Kesley,Glasscock,kglasscockw@taobao.com,Female,85.126.182.151
34,Prudi,Ladewig,pladewigx@shinystat.com,Female,249.140.3.187
35,Pepillo,Loud,ploudy@ehow.com,Agender,58.38.93.97
36,Zackariah,Garlette,zgarlettez@ft.com,Male,107.18.131.9
37,Bruce,Faccini,bfaccini10@i2i.jp,Male,97.101.109.184
38,Sollie,Chivers,schivers11@artisteer.com,Non-binary,143.37.154.8
39,Eliot,Whistance,ewhistance12@epa.gov,Male,188.77.159.220
40,Poppy,Threader,pthreader13@shutterfly.com,Polygender,8.116.175.128
41,Udale,Moorwood,umoorwood14@stanford.edu,Male,153.31.32.177
42,Melloney,Ganing,mganing15@nydailynews.com,Female,139.14.41.157
43,Jackie,Traylen,jtraylen16@theatlantic.com,Female,17.15.133.83
44,Frayda,Draisey,fdraisey17@e-recht24.de,Female,159.137.44.207
45,Reed,Munday,rmunday18@nymag.com,Male,12.126.207.100
46,Olympie,Growden,ogrowden19@phoca.cz,Female,175.40.217.208
47,Frederica,Crady,fcrady1a@army.mil,Female,239.166.148.112
48,Kali,Lewcock,klewcock1b@aol.com,Female,110.8.79.150
49,Winny,Raunds,wraunds1c@goo.ne.jp,Female,21.147.40.250
50,Kimberlyn,Maybery,kmaybery1d@thetimes.co.uk,Female,188.144.72.202
51,Nichols,Pickavant,npickavant1e@wordpress.org,Male,254.38.108.44
52,Keelia,Bebb,kbebb1f@etsy.com,Female,229.243.190.137
53,Orlando,Batts,obatts1g@github.com,Male,178.227.13.176
54,Garek,Golde,ggolde1h@parallels.com,Male,209.17.178.185
55,Lars,Yurocjkin,lyurocjkin1i@oaic.gov.au,Male,198.7.152.70
56,Ingemar,Lebarree,ilebarree1j@patch.com,Male,195.104.238.123
57,Sharai,Wynrehame,swynrehame1k@dedecms.com,Female,243.73.127.235
58,Toma,Creyke,tcreyke1l@mozilla.com,Female,32.59.206.235
59,Richie,Couvet,rcouvet1m@topsy.com,Male,225.71.178.201
60,Delly,Joannidi,djoannidi1n@phpbb.com,Female,26.10.212.164
61,Chaim,Renner,crenner1o@timesonline.co.uk,Male,105.183.123.80
62,Cele,Houlridge,choulridge1p@youtube.com,Female,229.121.76.247
63,Fiorenze,Keuntje,fkeuntje1q@reverbnation.com,Female,120.101.163.205
64,Herb,Crocetti,hcrocetti1r@archive.org,Male,30.209.189.186
65,Fifine,Audley,faudley1s@parallels.com,Female,147.93.30.51
66,Helen-elizabeth,Rymer,hrymer1t@ehow.com,Female,8.137.32.69
67,Celestine,Tosdevin,ctosdevin1u@dell.com,Female,219.30.139.129
68,Hilarius,Furneaux,hfurneaux1v@addtoany.com,Male,230.249.68.79
69,Lilah,Bolding,lbolding1w@bizjournals.com,Female,98.211.241.57
70,Mavis,Hyett,mhyett1x@histats.com,Female,167.225.102.251
71,Carie,Wicher,cwicher1y@amazon.com,Female,50.121.165.65
72,Noelle,Simonetto,nsimonetto1z@g.co,Genderqueer,186.157.217.118
73,Hodge,Grinov,hgrinov20@nifty.com,Male,181.154.53.232
74,Shanta,Haugg,shaugg21@imdb.com,Female,93.74.38.165
75,Malinda,Vuitton,mvuitton22@addtoany.com,Female,171.199.204.113
76,Tabbatha,Savine,tsavine23@icq.com,Female,85.119.173.184
77,Jules,Gilbane,jgilbane24@istockphoto.com,Polygender,217.173.118.181
78,Hilliard,Bramwell,hbramwell25@google.pl,Male,79.240.75.233
79,Catherin,Demicoli,cdemicoli26@google.com.hk,Genderqueer,234.154.140.112
80,Doti,Plante,dplante27@comsenz.com,Female,52.194.192.3
81,Idette,Acosta,iacosta28@discovery.com,Female,156.18.44.29
82,Jdavie,Wimpenny,jwimpenny29@acquirethisname.com,Male,66.66.58.164
83,Jilleen,Bettleson,jbettleson2a@freewebs.com,Female,4.30.58.138
84,Gayel,Beadel,gbeadel2b@msu.edu,Female,190.9.12.168
85,Schuyler,Brazer,sbrazer2c@who.int,Male,78.141.2.148
86,Louisette,Ivatts,livatts2d@bloglovin.com,Female,211.137.82.236
87,Almire,McFade,amcfade2e@freewebs.com,Female,182.120.8.224
88,Isabella,Lympenie,ilympenie2f@sfgate.com,Genderfluid,241.145.96.104
89,Valma,Riseley,vriseley2g@globo.com,Bigender,56.139.37.223
90,Cloe,Grieger,cgrieger2h@yellowpages.com,Female,221.198.124.74
91,Patti,Cundey,pcundey2i@fda.gov,Female,134.166.242.191
92,Aurlie,Alenshev,aalenshev2j@mozilla.com,Female,186.76.118.170
93,Red,Sawday,rsawday2k@latimes.com,Male,177.173.165.103
94,Ricardo,Supple,rsupple2l@jiathis.com,Male,116.99.34.204
95,Stephanie,Queenborough,squeenborough2m@booking.com,Female,110.167.8.40
96,Garrett,Usherwood,gusherwood2n@cafepress.com,Male,14.42.192.147
97,Ester,Duffer,eduffer2o@is.gd,Female,14.97.244.29
98,Vittorio,Fearnside,vfearnside2p@admin.ch,Male,236.120.93.235
99,Kyla,Waldocke,kwaldocke2q@forbes.com,Female,134.246.164.162
100,Titos,Carlisso,tcarlisso2r@joomla.org,Male,180.159.35.124
101,Claretta,Snook,csnook2s@salon.com,Female,96.103.108.246
102,Sargent,Francescuzzi,sfrancescuzzi2t@artisteer.com,Male,154.62.226.255
103,Gustie,Tieman,gtieman2u@flavors.me,Female,63.125.157.169
104,Suzette,Itzkowicz,sitzkowicz2v@nps.gov,Female,79.14.201.131
105,Kippie,Capelin,kcapelin2w@seesaa.net,Male,254.0.35.140
106,Giacopo,Smeaton,gsmeaton2x@google.cn,Male,249.200.241.231
107,Caty,Shewsmith,cshewsmith2y@mtv.com,Female,84.93.187.158
108,Redd,Joselevitz,rjoselevitz2z@mac.com,Genderqueer,142.6.201.184
109,Barrie,Simione,bsimione30@ebay.com,Male,110.250.60.251
110,Aili,Buyers,abuyers31@youtube.com,Female,201.148.64.177
111,Austin,Scoggans,ascoggans32@eventbrite.com,Male,244.210.189.90
112,Kimberley,Bloss,kbloss33@mozilla.com,Female,145.207.173.187
113,Callie,Ungerechts,cungerechts34@macromedia.com,Female,99.210.87.48
114,Quinton,Shay,qshay35@nps.gov,Male,149.125.57.225
115,Esther,Burd,eburd36@sogou.com,Female,238.248.82.203
116,Cindra,Vaen,cvaen37@ebay.co.uk,Female,140.57.20.78
117,Almira,Chatten,achatten38@businessweek.com,Female,113.190.100.44
118,Leona,Wordington,lwordington39@jugem.jp,Female,133.113.249.207
119,Letty,Pattesall,lpattesall3a@theatlantic.com,Female,236.126.87.190
120,Rozella,Targetter,rtargetter3b@tumblr.com,Female,148.138.106.162
121,Torre,McKeurton,tmckeurton3c@wix.com,Male,210.29.165.156
122,Brit,Crotty,bcrotty3d@army.mil,Female,65.222.238.171
123,Em,Telfer,etelfer3e@wiley.com,Male,45.108.80.115
124,Stanly,Andriuzzi,sandriuzzi3f@cnn.com,Male,157.221.116.248
125,Ephrem,Coltart,ecoltart3g@delicious.com,Male,24.225.13.96
126,Scarface,Cousins,scousins3h@webmd.com,Male,227.1.127.81
127,Corey,Dyerson,cdyerson3i@nydailynews.com,Female,80.120.97.119
128,Margie,Tanswell,mtanswell3j@umn.edu,Female,31.62.238.142
129,Elvera,Ticksall,eticksall3k@wufoo.com,Female,233.62.133.53
130,Prudy,Olligan,polligan3l@wired.com,Female,197.200.232.248
131,Nataline,Cusick,ncusick3m@state.gov,Female,163.217.147.98
132,Lorilyn,Bielfelt,lbielfelt3n@miitbeian.gov.cn,Female,225.212.74.61
133,Amos,Leaney,aleaney3o@loc.gov,Male,169.233.187.245
134,Paddie,Pargeter,ppargeter3p@ihg.com,Male,148.185.28.174
135,Coleen,Scard,cscard3q@weebly.com,Female,251.40.0.187
136,Liuka,Barti,lbarti3r@symantec.com,Genderfluid,78.94.196.170
137,Renard,Matussow,rmatussow3s@cbslocal.com,Male,83.29.208.129
138,Devinne,Edmondson,dedmondson3t@seattletimes.com,Female,2.0.10.53
139,Cazzie,MacVanamy,cmacvanamy3u@amazon.co.uk,Male,50.36.170.211
140,Alwyn,Bickerstaffe,abickerstaffe3v@wix.com,Male,11.199.83.133
141,Wendeline,Pogosian,wpogosian3w@joomla.org,Female,228.126.236.122
142,Gasper,Endecott,gendecott3x@mozilla.com,Male,62.23.148.58
143,Ramonda,Malin,rmalin3y@ucoz.com,Polygender,220.137.39.0
144,Lorna,Meardon,lmeardon3z@last.fm,Female,162.152.10.75
145,Tillie,Grund,tgrund40@tinypic.com,Female,90.221.229.192
146,Kass,Yukhnev,kyukhnev41@phpbb.com,Bigender,47.83.250.35
147,Bobby,Eades,beades42@wunderground.com,Male,172.4.254.8
148,Timmy,Lissaman,tlissaman43@unblog.fr,Female,177.235.193.132
149,Masha,Jahn,mjahn44@sphinn.com,Female,130.231.254.222
150,Bartolemo,Ure,bure45@opensource.org,Male,84.179.5.78
151,Spence,Snadden,ssnadden46@go.com,Male,196.192.1.190
152,Prescott,Chaffin,pchaffin47@macromedia.com,Agender,251.57.171.58
153,Shirleen,Southam,ssoutham48@noaa.gov,Female,165.223.228.132
154,Olia,Huntar,ohuntar49@youtu.be,Female,17.93.1.226
155,Jarret,Marzelli,jmarzelli4a@phpbb.com,Male,147.4.254.27
156,Ive,Smewin,ismewin4b@feedburner.com,Male,168.90.19.210
157,Ulick,Camacho,ucamacho4c@upenn.edu,Male,77.145.105.104
158,Constantin,Boleyn,cboleyn4d@mtv.com,Male,164.88.77.193
159,Bride,Varndell,bvarndell4e@mediafire.com,Female,133.95.60.73
160,Darius,Schout,dschout4f@sphinn.com,Male,93.1.103.175
161,Mag,Marcus,mmarcus4g@qq.com,Female,70.220.163.238
162,Brynne,Haspineall,bhaspineall4h@vkontakte.ru,Female,157.23.187.42
163,Karilynn,Hackford,khackford4i@amazon.co.uk,Female,59.239.149.43
164,Stormi,Massard,smassard4j@printfriendly.com,Female,71.186.225.167
165,Johnette,Feedome,jfeedome4k@google.co.uk,Female,122.147.50.184
166,Hiram,Rosthorn,hrosthorn4l@bravesites.com,Male,184.129.141.205
167,Edvard,Holdron,eholdron4m@moonfruit.com,Male,165.35.103.169
168,Fleming,Goldthorpe,fgoldthorpe4n@ustream.tv,Male,27.106.90.219
169,Quint,Woodison,qwoodison4o@google.com.br,Male,188.52.112.44
170,Mervin,Alleburton,malleburton4p@wikia.com,Male,188.144.192.240
171,Margery,Vassar,mvassar4q@infoseek.co.jp,Female,75.0.66.249
172,Sophia,Deluce,sdeluce4r@geocities.com,Female,71.220.3.175
173,Bryana,Matzel,bmatzel4s@weebly.com,Female,124.253.31.64
174,Janifer,Chmiel,jchmiel4t@wiley.com,Female,213.232.1.241
175,Layney,Insley,linsley4u@hc360.com,Female,167.226.68.83
176,Griffy,Sealy,gsealy4v@columbia.edu,Male,219.145.24.235
177,Fianna,Mossdale,fmossdale4w@oaic.gov.au,Female,59.206.137.119
178,Hailee,Kenrack,hkenrack4x@google.ru,Genderfluid,59.228.60.70
179,Vanni,Fretter,vfretter4y@blog.com,Female,56.142.107.39
180,Gardie,Dawbery,gdawbery4z@sfgate.com,Male,163.219.80.167
181,Linette,Jurasz,ljurasz50@alexa.com,Female,6.208.77.16
182,Adler,Stempe,astempe51@about.com,Male,109.109.111.63
183,Rance,Riccelli,rriccelli52@alibaba.com,Non-binary,152.74.87.23
184,Esme,Micheu,emicheu53@sourceforge.net,Male,164.196.152.94
185,Laurens,Querrard,lquerrard54@gmpg.org,Male,245.251.56.125
186,Sid,Eates,seates55@adobe.com,Male,120.178.54.205
187,Alix,Whimpenny,awhimpenny56@army.mil,Male,11.212.29.134
188,Flory,Moss,fmoss57@purevolume.com,Bigender,132.162.28.114
189,Franny,Coutts,fcoutts58@senate.gov,Female,146.94.63.55
190,Modestine,Joynt,mjoynt59@cloudflare.com,Female,75.18.132.59
191,Bobbie,Franzotto,bfranzotto5a@narod.ru,Male,156.54.120.128
192,Jammie,Greep,jgreep5b@state.tx.us,Female,174.234.212.219
193,Eveline,Philpin,ephilpin5c@slate.com,Female,22.138.140.111
194,Reggi,Pancoast,rpancoast5d@slashdot.org,Female,2.213.13.11
195,Rockie,Jewitt,rjewitt5e@facebook.com,Male,178.198.42.83
196,Rodrick,Leban,rleban5f@amazon.de,Male,34.24.163.105
197,Dewitt,Blezard,dblezard5g@rakuten.co.jp,Male,76.207.150.204
198,Natala,Meatcher,nmeatcher5h@wix.com,Female,40.159.59.124
199,Whit,Bielfeld,wbielfeld5i@blogs.com,Male,249.12.146.44
200,North,Quennell,nquennell5j@guardian.co.uk,Male,184.116.88.234
201,Humbert,Blackford,hblackford5k@jigsy.com,Male,104.85.224.132
202,Florian,Riccard,friccard5l@nps.gov,Male,201.31.226.211
203,Glenna,Moorcroft,gmoorcroft5m@qq.com,Bigender,220.72.4.154
204,Clo,Woodburn,cwoodburn5n@freewebs.com,Female,88.92.252.145
205,Cissy,O'Dennehy,codennehy5o@imdb.com,Female,144.190.158.144
206,Dory,Gent,dgent5p@prlog.org,Female,235.26.168.198
207,Pace,Churchyard,pchurchyard5q@newsvine.com,Male,254.25.116.184
208,Kristen,Berens,kberens5r@privacy.gov.au,Female,174.61.96.20
209,Mathilde,Boch,mboch5s@discuz.net,Polygender,64.165.38.219
210,Glyn,Filippyev,gfilippyev5t@ftc.gov,Female,196.75.199.125
211,Gabriel,Penna,gpenna5u@yahoo.co.jp,Male,141.141.217.64
212,Ham,Breitler,hbreitler5v@shutterfly.com,Male,246.233.169.96
213,Nicoli,Deftie,ndeftie5w@house.gov,Female,104.137.228.67
214,Honey,Gallop,hgallop5x@w3.org,Female,91.210.88.228
215,Norman,O'Finan,nofinan5y@ihg.com,Male,89.116.37.29
216,Tillie,Kuhnke,tkuhnke5z@army.mil,Female,68.36.194.254
217,Dev,Nys,dnys60@over-blog.com,Male,101.183.207.117
218,Wallie,Abrahamsohn,wabrahamsohn61@comcast.net,Female,243.101.109.22
219,Cullen,Kilkenny,ckilkenny62@dailymail.co.uk,Male,226.95.43.145
220,Marion,Wisher,mwisher63@weather.com,Agender,7.49.215.100
221,Justinn,Helwig,jhelwig64@networksolutions.com,Female,111.215.134.27
222,Emmet,Juleff,ejuleff65@nasa.gov,Male,144.94.87.31
223,Baldwin,Messer,bmesser66@ameblo.jp,Male,61.68.84.23
224,Cathi,Pendock,cpendock67@list-manage.com,Female,33.6.153.48
225,Erik,Haswall,ehaswall68@indiatimes.com,Male,244.175.164.100
226,Freemon,Penrice,fpenrice69@boston.com,Male,171.187.64.27
227,Brad,Maraga,bmaraga6a@ucoz.ru,Male,133.170.2.96
228,Tabor,Jantel,tjantel6b@redcross.org,Male,8.138.41.119
229,Link,Dadge,ldadge6c@sogou.com,Male,112.28.158.9
230,Vivi,Huntress,vhuntress6d@4shared.com,Polygender,151.87.76.136
231,Austina,Bugs,abugs6e@slideshare.net,Female,102.13.17.113
232,Flore,McInnes,fmcinnes6f@mit.edu,Female,188.248.156.81
233,Manon,Newlyn,mnewlyn6g@cpanel.net,Female,193.248.249.141
234,Colette,Guiden,cguiden6h@merriam-webster.com,Female,203.16.4.177
235,Zorah,Euler,zeuler6i@mashable.com,Female,6.223.150.85
236,Stephani,Lishman,slishman6j@craigslist.org,Female,208.127.119.120
237,Pancho,Andres,pandres6k@businessinsider.com,Male,86.172.123.237
238,Melvin,Ricards,mricards6l@wordpress.org,Male,126.61.7.48
239,Archaimbaud,Penhalewick,apenhalewick6m@comcast.net,Male,123.131.206.45
240,Elva,Jados,ejados6n@furl.net,Bigender,216.29.86.60
241,Rogers,Smeeth,rsmeeth6o@feedburner.com,Male,78.230.203.73
242,Celestyna,Mathivat,cmathivat6p@utexas.edu,Agender,213.115.56.196
243,Kellie,Cookney,kcookney6q@paypal.com,Polygender,149.225.210.22
244,Mata,Kobsch,mkobsch6r@hexun.com,Male,189.39.90.211
245,Ginevra,Shinner,gshinner6s@reddit.com,Female,66.75.149.89
246,Dylan,Svanini,dsvanini6t@economist.com,Male,178.228.236.134
247,Chance,Eadington,ceadington6u@economist.com,Male,73.82.245.101
248,Frederic,Kilgour,fkilgour6v@eventbrite.com,Male,38.218.75.193
249,Herbert,Flawn,hflawn6w@clickbank.net,Male,137.173.135.169
250,Verile,Gasken,vgasken6x@foxnews.com,Female,255.207.181.126
251,Gibby,Torrijos,gtorrijos6y@columbia.edu,Male,10.211.213.205
252,Jamey,Merrisson,jmerrisson6z@businessinsider.com,Male,212.167.208.202
253,Daphne,Iozefovich,diozefovich70@fotki.com,Female,170.216.40.58
254,Ollie,Pappi,opappi71@salon.com,Male,252.199.53.176
255,Carce,Pergens,cpergens72@lycos.com,Male,239.19.169.163
256,Wash,Remnant,wremnant73@storify.com,Male,36.34.161.79
257,Dominik,Crosbie,dcrosbie74@list-manage.com,Male,165.206.123.14
258,Tandy,Gammill,tgammill75@fotki.com,Female,31.36.153.113
259,Andrei,Cordier,acordier76@icq.com,Female,113.167.72.243
260,Eleonore,McCaughey,emccaughey77@xing.com,Genderfluid,16.71.132.152
261,Juliane,Ensor,jensor78@nps.gov,Female,32.35.133.211
262,Betta,Jankovsky,bjankovsky79@howstuffworks.com,Female,173.165.246.109
263,Cletus,Jandak,cjandak7a@admin.ch,Male,237.171.131.70
264,Marty,Blabber,mblabber7b@rediff.com,Female,55.88.132.82
265,Finlay,Anfrey,fanfrey7c@last.fm,Male,158.54.44.13
266,Eryn,Natwick,enatwick7d@umich.edu,Female,102.24.238.37
267,Elka,Ferreri,eferreri7e@elpais.com,Female,215.108.85.20
268,Bobinette,Pulster,bpulster7f@narod.ru,Female,245.193.118.209
269,Oberon,Feild,ofeild7g@seattletimes.com,Male,56.120.186.67
270,Silvan,Shimon,sshimon7h@go.com,Male,45.168.152.30
271,Nolie,Reuss,nreuss7i@vkontakte.ru,Female,234.25.99.90
272,Natalya,Smalridge,nsmalridge7j@disqus.com,Female,183.177.213.96
273,Leonhard,Tanswill,ltanswill7k@squarespace.com,Male,60.152.229.34
274,Maximilian,Marchington,mmarchington7l@newsvine.com,Male,140.223.66.127
275,Lemmy,Czajkowska,lczajkowska7m@netvibes.com,Male,185.202.250.36
276,Marice,Stanbury,mstanbury7n@pinterest.com,Female,35.71.6.139
277,Anet,Huntingford,ahuntingford7o@de.vu,Female,138.164.29.175
278,Eldon,O' Mullan,eomullan7p@google.ca,Polygender,153.14.193.85
279,Misti,Camili,mcamili7q@hud.gov,Female,78.13.127.61
280,Siusan,Lerwell,slerwell7r@webmd.com,Female,95.88.6.247
281,Codi,Catonne,ccatonne7s@cpanel.net,Genderfluid,218.231.201.230
282,Pearle,Aspling,paspling7t@diigo.com,Female,121.16.190.199
283,Beth,Copyn,bcopyn7u@bigcartel.com,Female,252.213.36.44
284,Marnia,Ferson,mferson7v@blogs.com,Female,140.212.104.51
285,Davy,Grewer,dgrewer7w@furl.net,Male,16.70.226.205
286,Revkah,Lias,rlias7x@epa.gov,Female,100.197.20.225
287,Ram,Stayte,rstayte7y@nih.gov,Male,112.14.43.133
288,Herold,Reidie,hreidie7z@si.edu,Male,247.118.96.5
289,Bronny,Wysome,bwysome80@hibu.com,Male,0.52.196.216
290,Kacey,Gathercole,kgathercole81@ihg.com,Female,219.80.198.8
291,Maren,Gumley,mgumley82@rambler.ru,Agender,218.254.184.252
292,Reggie,Ioannou,rioannou83@boston.com,Female,178.48.103.45
293,Kipp,Buckell,kbuckell84@webeden.co.uk,Female,188.238.169.190
294,Rogerio,Vidineev,rvidineev85@merriam-webster.com,Male,24.166.147.39
295,Ailis,Lorrimer,alorrimer86@multiply.com,Female,81.148.37.137
296,Alaric,Vanyushkin,avanyushkin87@tmall.com,Male,93.197.205.95
297,Alisha,Ades,aades88@hud.gov,Female,5.4.250.174
298,Rosanne,Tabourin,rtabourin89@histats.com,Female,226.117.146.217
299,Regen,Hanna,rhanna8a@weebly.com,Male,122.58.238.149
300,Magdaia,Chown,mchown8b@pbs.org,Female,138.251.29.119
301,Kristos,Grovier,kgrovier8c@ning.com,Male,204.50.208.190
302,Amanda,Waldera,awaldera8d@google.co.jp,Polygender,178.222.118.194
303,Lilah,Petzolt,lpetzolt8e@ow.ly,Female,110.211.190.183
304,Nikita,D'Ambrogi,ndambrogi8f@dailymail.co.uk,Male,114.231.249.10
305,Alex,Sheilds,asheilds8g@stumbleupon.com,Male,243.186.244.100
306,Allene,Soper,asoper8h@sciencedirect.com,Female,56.106.171.153
307,Brigida,Luddy,bluddy8i@fotki.com,Female,68.58.139.186
308,Seward,Halworth,shalworth8j@shareasale.com,Male,123.242.190.34
309,Amie,Glanders,aglanders8k@flickr.com,Female,155.142.48.15
310,Evie,Rhoddie,erhoddie8l@hibu.com,Female,30.248.247.46
311,Rog,Cansdell,rcansdell8m@sphinn.com,Male,114.193.229.40
312,Dylan,Huff,dhuff8n@bloomberg.com,Male,25.15.173.160
313,Saxon,McIllroy,smcillroy8o@scribd.com,Genderfluid,48.181.175.233
314,Jeannine,Ridehalgh,jridehalgh8p@cnet.com,Female,125.134.128.107
315,Gabbi,Tonnesen,gtonnesen8q@independent.co.uk,Female,79.119.84.188
316,Waite,Grice,wgrice8r@virginia.edu,Male,192.123.150.169
317,Gibbie,Elgie,gelgie8s@soundcloud.com,Male,101.9.174.41
318,Nickola,Phippin,nphippin8t@japanpost.jp,Genderfluid,119.235.174.29
319,Marni,Slite,mslite8u@symantec.com,Female,46.157.86.41
320,Berton,Bartomeu,bbartomeu8v@phoca.cz,Male,72.202.223.191
321,Jan,Ambler,jambler8w@tinyurl.com,Female,92.213.139.105
322,Nealy,Pittem,npittem8x@spiegel.de,Male,243.122.48.195
323,Lynelle,Kennicott,lkennicott8y@icio.us,Female,238.228.174.54
324,Frasier,Agnolo,fagnolo8z@comsenz.com,Male,3.103.100.135
325,Aggy,Humpherston,ahumpherston90@scientificamerican.com,Female,171.217.57.114
326,Masha,Twitty,mtwitty91@mediafire.com,Female,147.202.86.184
327,Catie,Mobley,cmobley92@slate.com,Female,216.83.19.170
328,Tommy,Dimbylow,tdimbylow93@photobucket.com,Male,221.158.159.4
329,Arny,Scoates,ascoates94@chronoengine.com,Non-binary,119.221.126.91
330,Amity,Glascott,aglascott95@aboutads.info,Genderfluid,20.228.87.114
331,Court,Singleton,csingleton96@wp.com,Male,116.146.180.92
332,Arron,Bonfield,abonfield97@java.com,Male,98.237.252.42
333,Bradly,Stanbury,bstanbury98@businesswire.com,Male,88.161.205.74
334,Simonette,Lodevick,slodevick99@bbb.org,Female,168.8.18.228
335,Shirl,Charville,scharville9a@hhs.gov,Female,56.76.15.144
336,Mead,Ugoni,mugoni9b@hubpages.com,Female,135.41.70.2
337,Tammi,Tittershill,ttittershill9c@epa.gov,Female,20.6.194.222
338,Xylina,Burnett,xburnett9d@drupal.org,Female,223.20.86.43
339,Jacintha,Ashfold,jashfold9e@fotki.com,Female,164.146.193.53
340,Calida,Cornfield,ccornfield9f@yolasite.com,Female,178.140.111.200
341,Stacee,Kenyon,skenyon9g@twitter.com,Male,45.110.199.240
342,Beale,Ensten,bensten9h@nhs.uk,Male,3.141.249.66
343,Ingamar,Matschke,imatschke9i@usnews.com,Male,115.200.35.147
344,Julissa,Revening,jrevening9j@weather.com,Female,68.197.58.58
345,Venita,Abys,vabys9k@disqus.com,Female,92.237.59.145
346,Clary,Horsey,chorsey9l@biglobe.ne.jp,Female,66.117.38.238
347,Carma,Glaister,cglaister9m@wunderground.com,Female,139.181.171.67
348,Joachim,Biagioni,jbiagioni9n@aboutads.info,Male,248.253.91.19
349,Pembroke,Ludovici,pludovici9o@digg.com,Male,68.106.21.237
350,Heather,Philson,hphilson9p@ed.gov,Female,108.114.218.128
351,Karoly,Buxam,kbuxam9q@prweb.com,Female,253.123.56.200
352,Clementina,Baptie,cbaptie9r@histats.com,Female,183.114.209.118
353,Gipsy,Greneham,ggreneham9s@google.es,Female,78.245.30.132
354,Dal,Shepstone,dshepstone9t@trellian.com,Male,193.41.39.122
355,Lia,Minifie,lminifie9u@hubpages.com,Genderfluid,10.146.160.116
356,Olivero,Spurett,ospurett9v@princeton.edu,Male,76.151.246.216
357,Gino,Rubinowitch,grubinowitch9w@technorati.com,Male,49.60.165.14
358,Warren,Morad,wmorad9x@biblegateway.com,Male,137.116.59.214
359,Noell,Anglin,nanglin9y@e-recht24.de,Female,216.219.207.86
360,Bren,Keedy,bkeedy9z@drupal.org,Female,229.55.206.130
361,Colene,Nancarrow,cnancarrowa0@alibaba.com,Female,241.163.91.164
362,Mia,Brenton,mbrentona1@hao123.com,Female,25.16.223.81
363,Erek,Peyro,epeyroa2@quantcast.com,Male,99.61.182.64
364,Gibbie,McCaughey,gmccaugheya3@webeden.co.uk,Male,36.41.14.19
365,Haydon,Fomichkin,hfomichkina4@reference.com,Non-binary,235.244.133.244
366,Dunc,Siveter,dsivetera5@jugem.jp,Male,116.236.47.227
367,Vernon,Epinay,vepinaya6@berkeley.edu,Male,243.171.37.71
368,Ikey,Schlagtmans,ischlagtmansa7@live.com,Male,4.78.80.134
369,Cara,FitzAlan,cfitzalana8@printfriendly.com,Female,174.70.245.162
370,Kendal,Gritskov,kgritskova9@sciencedaily.com,Agender,217.19.207.244
371,Marjory,Izat,mizataa@phpbb.com,Female,93.96.159.231
372,Phillip,Schrieves,pschrievesab@ft.com,Male,53.223.2.205
373,Abby,Borghese,aborgheseac@reuters.com,Male,59.32.186.7
374,Dermot,Rigolle,drigollead@goodreads.com,Male,211.54.38.81
375,Sidney,Mountcastle,smountcastleae@amazon.de,Polygender,165.242.242.34
376,Malinda,Dallicoat,mdallicoataf@istockphoto.com,Genderfluid,72.76.69.105
377,Chick,Yurov,cyurovag@google.it,Male,198.77.211.249
378,Amabelle,Duggan,adugganah@jugem.jp,Female,252.37.242.215
379,Vitoria,Churn,vchurnai@sogou.com,Female,85.217.19.162
380,Silvester,Cully,scullyaj@amazon.co.jp,Male,6.204.103.251
381,Terri-jo,Diloway,tdilowayak@google.de,Non-binary,54.32.208.40
382,Antonia,Jewkes,ajewkesal@plala.or.jp,Female,134.220.11.37
383,Dinny,Pickston,dpickstonam@geocities.jp,Female,255.214.171.55
384,Raff,Liddington,rliddingtonan@bbb.org,Male,210.201.119.249
385,Ardine,Geist,ageistao@php.net,Female,252.79.106.38
386,Syman,Bastard,sbastardap@1688.com,Male,42.168.209.47
387,Vincent,Ivanichev,vivanichevaq@sciencedaily.com,Male,27.240.144.234
388,Glennie,Mennithorp,gmennithorpar@canalblog.com,Female,120.8.171.26
389,Llywellyn,Bergeau,lbergeauas@linkedin.com,Male,152.41.74.49
390,Arlette,Phaup,aphaupat@timesonline.co.uk,Female,82.181.159.250
391,Auria,Finci,afinciau@boston.com,Female,245.153.228.86
392,Karina,Gonnely,kgonnelyav@flavors.me,Female,224.240.57.200
393,Sheelah,Crasswell,scrasswellaw@shutterfly.com,Female,36.8.172.174
394,Germaine,Kiernan,gkiernanax@unesco.org,Female,184.98.233.174
395,Cordie,Azema,cazemaay@nba.com,Male,212.242.83.237
396,Gerladina,Hirche,ghircheaz@illinois.edu,Female,0.210.15.198
397,Elli,Lesley,elesleyb0@domainmarket.com,Female,44.83.162.120
398,Babb,Rudgard,brudgardb1@skyrock.com,Female,80.72.0.143
399,Geoffrey,Tocknell,gtocknellb2@wikipedia.org,Male,99.78.191.50
400,Mikel,Rustidge,mrustidgeb3@plala.or.jp,Male,151.59.238.9
401,Carlye,Prescot,cprescotb4@amazonaws.com,Genderqueer,221.48.195.139
402,Reina,Nancekivell,rnancekivellb5@themeforest.net,Female,22.190.139.234
403,Gannie,Downage,gdownageb6@paginegialle.it,Male,138.76.226.67
404,Durward,Weymouth,dweymouthb7@skyrock.com,Male,122.253.168.207
405,Malissa,Gibbonson,mgibbonsonb8@a8.net,Agender,196.158.111.120
406,Dianemarie,Brydson,dbrydsonb9@mapquest.com,Female,52.94.187.196
407,Yolane,Lovie,ylovieba@apple.com,Female,191.186.65.157
408,Talya,Gordon-Giles,tgordongilesbb@e-recht24.de,Female,116.47.254.251
409,Colas,Maulkin,cmaulkinbc@blinklist.com,Male,124.242.6.242
410,Allix,Hardey,ahardeybd@latimes.com,Female,84.210.244.189
411,Cori,Frie,cfriebe@nyu.edu,Female,54.113.189.24
412,Olivia,Blaskett,oblaskettbf@irs.gov,Female,247.206.114.74
413,Ralf,Slogrove,rslogrovebg@loc.gov,Male,188.217.79.230
414,Karalynn,Piscotti,kpiscottibh@irs.gov,Female,15.169.207.198
415,Pietro,Shotboult,pshotboultbi@geocities.com,Male,27.231.163.138
416,Gaynor,Jest,gjestbj@cpanel.net,Female,44.158.119.132
417,Taite,Witcomb,twitcombbk@amazon.co.jp,Male,67.91.201.30
418,Lauretta,Cuthbertson,lcuthbertsonbl@thetimes.co.uk,Female,201.75.97.101
419,Oralle,Louch,olouchbm@people.com.cn,Female,249.245.14.227
420,Ynes,Patching,ypatchingbn@intel.com,Female,45.124.26.103
421,Alfonse,Mounfield,amounfieldbo@usatoday.com,Male,241.91.95.123
422,Sallyann,Elders,seldersbp@tripod.com,Bigender,170.244.229.11
423,Ingra,Leacock,ileacockbq@scribd.com,Male,121.149.248.14
424,Leighton,Seabright,lseabrightbr@alexa.com,Male,11.164.191.38
425,Halsey,Halloway,hhallowaybs@marriott.com,Male,63.210.231.26
426,Rheta,Steanson,rsteansonbt@prlog.org,Female,104.229.220.135
427,Greggory,Ditter,gditterbu@webmd.com,Male,146.144.245.237
428,Roxana,Chasson,rchassonbv@canalblog.com,Female,12.44.178.2
429,Willi,Golthorpp,wgolthorppbw@mail.ru,Female,213.52.64.110
430,Aleta,Caton,acatonbx@artisteer.com,Female,120.174.52.192
431,Freddie,Packe,fpackeby@upenn.edu,Female,219.140.170.139
432,Carroll,Fist,cfistbz@intel.com,Female,81.116.88.143
433,Nadeen,Polkinghorne,npolkinghornec0@amazon.com,Female,180.127.122.159
434,Riki,Delue,rdeluec1@prlog.org,Female,99.72.212.35
435,Dinny,Enochsson,denochssonc2@hp.com,Female,126.40.224.16
436,Davita,Heninghem,dheninghemc3@ehow.com,Female,164.181.121.22
437,Karrah,Elfitt,kelfittc4@tiny.cc,Female,199.179.77.71
438,Franciska,Bifield,fbifieldc5@addthis.com,Female,161.2.225.30
439,Zorine,Ong,zongc6@360.cn,Genderfluid,129.201.245.193
440,Sonja,Proby,sprobyc7@tuttocitta.it,Genderqueer,23.6.132.40
441,Wain,De Maine,wdemainec8@domainmarket.com,Male,64.68.31.72
442,Teddy,Brent,tbrentc9@fotki.com,Male,238.3.171.190
443,Federica,Medendorp,fmedendorpca@newyorker.com,Female,123.148.15.141
444,Engracia,Rutt,eruttcb@mozilla.com,Female,171.41.203.46
445,Laurice,Swash,lswashcc@unicef.org,Female,60.48.98.144
446,Mac,Bulfoot,mbulfootcd@friendfeed.com,Male,127.159.70.174
447,Nicol,Stidworthy,nstidworthyce@ucoz.com,Male,116.246.10.219
448,Hunter,Hardwell,hhardwellcf@youtu.be,Male,68.201.140.220
449,Savina,Tortoishell,stortoishellcg@example.com,Female,225.102.202.127
450,Melessa,Amiss,mamissch@opera.com,Female,54.179.199.54
451,Fancy,Maingot,fmaingotci@seattletimes.com,Female,53.90.248.110
452,Gaylor,Francisco,gfranciscocj@devhub.com,Male,232.60.38.25
453,Chilton,Gardener,cgardenerck@com.com,Male,12.45.29.50
454,Klemens,Bonnick,kbonnickcl@nih.gov,Male,64.224.140.3
455,Doralia,Damp,ddampcm@moonfruit.com,Female,99.165.61.15
456,Merilyn,Leed,mleedcn@ucoz.ru,Female,67.57.36.109
457,Chen,Rubinow,crubinowco@cbc.ca,Male,59.221.221.145
458,Ali,Turri,aturricp@earthlink.net,Male,103.110.14.81
459,Johannes,Jirousek,jjirousekcq@usa.gov,Male,81.188.155.255
460,Nada,Ochterlony,nochterlonycr@mail.ru,Female,136.199.54.184
461,Hilary,Matityahu,hmatityahucs@ifeng.com,Female,86.119.35.211
462,Cherry,Tranfield,ctranfieldct@twitpic.com,Bigender,23.171.201.166
463,Clerkclaude,Stollberg,cstollbergcu@usda.gov,Genderfluid,98.187.151.45
464,Branden,Moorhead,bmoorheadcv@nps.gov,Male,52.168.95.157
465,Wandis,MacKay,wmackaycw@moonfruit.com,Agender,151.251.254.65
466,Murdoch,Diament,mdiamentcx@paypal.com,Male,22.16.238.24
467,Carrie,Smallsman,csmallsmancy@chronoengine.com,Female,110.42.149.243
468,Chaddie,Beadle,cbeadlecz@zimbio.com,Male,232.214.9.25
469,Kaile,Brixey,kbrixeyd0@gmpg.org,Polygender,152.141.175.221
470,Micky,De Laci,mdelacid1@google.nl,Male,128.69.228.133
471,Arda,Breacher,abreacherd2@moonfruit.com,Female,127.102.63.153
472,Rochella,Jaram,rjaramd3@springer.com,Female,92.152.142.14
473,Ferdinanda,Bavin,fbavind4@ycombinator.com,Female,223.136.223.134
474,Amalee,Crowley,acrowleyd5@netscape.com,Female,184.57.194.223
475,Lydie,Putnam,lputnamd6@networksolutions.com,Polygender,200.197.228.178
476,Rodie,Haye,rhayed7@apache.org,Female,161.1.234.79
477,Vonny,Lomasney,vlomasneyd8@ow.ly,Female,202.161.37.250
478,Denyse,O' Faherty,dofahertyd9@themeforest.net,Female,5.242.49.235
479,Roxi,Suthworth,rsuthworthda@globo.com,Female,76.73.48.106
480,Con,Hovell,chovelldb@sciencedaily.com,Male,51.146.231.139
481,Roxy,Aleksidze,raleksidzedc@prweb.com,Female,97.100.205.183
482,Kile,di Rocca,kdiroccadd@google.de,Male,132.88.84.4
483,Flossi,Turn,fturnde@prlog.org,Female,19.4.66.65
484,Cairistiona,Burns,cburnsdf@sfgate.com,Female,105.239.159.128
485,Elysha,Cannaway,ecannawaydg@theglobeandmail.com,Female,48.95.128.156
486,Lou,Brecken,lbreckendh@sfgate.com,Female,204.149.69.8
487,Tani,Gregg,tgreggdi@thetimes.co.uk,Female,233.174.129.133
488,Lyman,Keoghan,lkeoghandj@constantcontact.com,Male,171.222.153.50
489,Amanda,Morrish,amorrishdk@thetimes.co.uk,Female,69.235.22.192
490,Chad,Tomaszczyk,ctomaszczykdl@scientificamerican.com,Male,231.193.250.108
491,Grange,Scud,gscuddm@google.com.hk,Agender,244.207.127.174
492,Lane,Bussen,lbussendn@youku.com,Male,2.133.194.5
493,Roi,Darth,rdarthdo@edublogs.org,Male,203.34.77.171
494,Brianne,Cammock,bcammockdp@pcworld.com,Agender,126.80.2.219
495,Phelia,Barense,pbarensedq@hatena.ne.jp,Female,251.208.140.145
496,Genovera,Zywicki,gzywickidr@army.mil,Female,231.183.219.97
497,Hadrian,Bushen,hbushends@symantec.com,Male,226.22.11.13
498,Frants,Molohan,fmolohandt@pcworld.com,Male,14.70.118.231
499,Sarina,Rupert,srupertdu@independent.co.uk,Female,151.106.102.164
500,Gallard,Laminman,glaminmandv@shop-pro.jp,Male,91.14.73.229
501,Livvyy,Culmer,lculmerdw@naver.com,Female,143.196.242.231
502,Mahalia,Janusik,mjanusikdx@statcounter.com,Female,155.220.227.117
503,Anatol,Spurdens,aspurdensdy@cyberchimps.com,Genderqueer,130.121.56.211
504,Jacquelin,Devenish,jdevenishdz@blogs.com,Bigender,54.208.133.67
505,Fidole,Hadgkiss,fhadgkisse0@ezinearticles.com,Male,242.80.17.233
506,Tomlin,Fishpoole,tfishpoolee1@goo.gl,Polygender,191.8.89.27
507,Gilberta,Andriuzzi,gandriuzzie2@goo.gl,Female,217.233.56.47
508,Hart,Saladine,hsaladinee3@youtube.com,Male,134.16.75.107
509,Rodina,Curds,rcurdse4@mit.edu,Polygender,172.244.99.212
510,Kara,Levensky,klevenskye5@networkadvertising.org,Female,223.57.86.19
511,Elnar,Tillyer,etillyere6@example.com,Male,136.122.202.59
512,Christean,Schollick,cschollicke7@photobucket.com,Female,12.90.145.32
513,Zack,Pasley,zpasleye8@yolasite.com,Male,23.155.194.121
514,Sara-ann,French,sfrenche9@usatoday.com,Female,55.151.51.105
515,Zachariah,Sirey,zsireyea@jalbum.net,Male,5.88.50.105
516,Dacy,Estrella,destrellaeb@answers.com,Female,36.9.27.196
517,Vick,Silley,vsilleyec@scribd.com,Male,136.0.172.233
518,Jennine,Arrol,jarroled@webmd.com,Female,196.104.209.127
519,Ellery,Pordal,epordalee@toplist.cz,Male,243.76.206.144
520,Randi,McGrail,rmcgrailef@nymag.com,Female,36.41.162.227
521,Dolores,Glas,dglaseg@sourceforge.net,Female,145.202.50.22
522,Carlo,Selwyn,cselwyneh@icio.us,Genderqueer,129.77.43.115
523,Liuka,Bartusek,lbartusekei@businessweek.com,Female,40.26.106.242
524,Mayer,Sidary,msidaryej@woothemes.com,Male,228.202.245.48
525,Arron,Belvin,abelvinek@g.co,Male,194.18.226.6
526,Jard,McMeekan,jmcmeekanel@nhs.uk,Male,150.43.183.193
527,Ninetta,Pamplin,npamplinem@tmall.com,Female,200.26.233.158
528,Justine,King,jkingen@wikipedia.org,Female,51.165.43.159
529,Ximenez,Mandre,xmandreeo@macromedia.com,Male,150.105.240.15
530,Fiona,Murison,fmurisonep@parallels.com,Female,180.157.202.10
531,Alanna,Schuh,aschuheq@lycos.com,Female,92.107.122.113
532,Orelle,Roome,oroomeer@tiny.cc,Bigender,56.111.204.99
533,Sandye,Halpeine,shalpeinees@about.com,Female,60.255.144.102
534,Anny,Hallewell,ahallewellet@arizona.edu,Female,17.251.110.64
535,Trixy,Carpenter,tcarpentereu@addthis.com,Female,1.201.211.37
536,Pierre,Martine,pmartineev@redcross.org,Genderqueer,199.152.156.29
537,Morse,Murby,mmurbyew@msn.com,Male,20.243.140.180
538,Lenee,Sygrove,lsygroveex@uiuc.edu,Female,242.170.138.171
539,Martguerita,Balwin,mbalwiney@discovery.com,Female,167.211.198.200
540,Ardenia,Palmby,apalmbyez@blinklist.com,Female,170.125.212.188
541,Leshia,Chidwick,lchidwickf0@cpanel.net,Female,213.12.32.4
542,Olenolin,Mennear,omennearf1@imdb.com,Male,27.28.180.165
543,Jania,Wallington,jwallingtonf2@imdb.com,Female,137.136.47.149
544,Catherine,Fenlon,cfenlonf3@nyu.edu,Female,72.250.191.229
545,Jordan,Bissill,jbissillf4@cbslocal.com,Male,186.97.235.129
546,Sheppard,Stubs,sstubsf5@ft.com,Male,206.243.74.52
547,Cloe,Tuhy,ctuhyf6@ycombinator.com,Female,85.178.237.239
548,Micaela,Durran,mdurranf7@creativecommons.org,Female,39.241.165.122
549,Chevalier,Cowing,ccowingf8@ebay.co.uk,Bigender,223.102.210.8
550,Rebekkah,Wiffler,rwifflerf9@fastcompany.com,Female,243.131.178.140
551,Prue,Erbe,perbefa@cyberchimps.com,Female,64.224.124.51
552,Ellene,Espada,eespadafb@usgs.gov,Female,188.239.14.134
553,Quint,Dust,qdustfc@jalbum.net,Male,81.231.209.68
554,Letta,Benian,lbenianfd@example.com,Female,162.232.45.164
555,Ashli,Oxbrow,aoxbrowfe@sbwire.com,Female,197.216.31.116
556,Filmore,Dunn,fdunnff@usa.gov,Male,71.92.93.255
557,Moshe,Skews,mskewsfg@army.mil,Male,50.220.193.30
558,Muhammad,Ardling,mardlingfh@yale.edu,Male,237.185.111.197
559,Lesya,Asman,lasmanfi@yandex.ru,Female,172.42.206.115
560,Renell,Crayton,rcraytonfj@hhs.gov,Female,48.152.168.194
561,Uta,Murrum,umurrumfk@cdbaby.com,Female,83.177.56.178
562,Beverie,Lauridsen,blauridsenfl@java.com,Female,38.175.94.5
563,Florentia,Dunkersley,fdunkersleyfm@123-reg.co.uk,Female,16.153.85.29
564,Alfred,Joysey,ajoyseyfn@hugedomains.com,Male,132.253.93.226
565,Melodee,Espinoza,mespinozafo@loc.gov,Female,96.128.162.171
566,Shannen,Duinbleton,sduinbletonfp@mapquest.com,Female,236.18.64.122
567,Niel,Gwyn,ngwynfq@nps.gov,Bigender,55.179.114.128
568,Dredi,Verbrugge,dverbruggefr@geocities.jp,Genderqueer,131.175.144.26
569,Graehme,Hudspith,ghudspithfs@scribd.com,Male,53.92.97.239
570,Birk,Bridel,bbridelft@phpbb.com,Male,181.171.170.74
571,Sargent,Rackstraw,srackstrawfu@hibu.com,Male,168.60.69.157
572,Grata,Bussetti,gbussettifv@patch.com,Female,131.48.37.205
573,Linell,Laurie,llauriefw@techcrunch.com,Female,235.154.18.253
574,Tanya,Airth,tairthfx@theglobeandmail.com,Female,191.217.69.185
575,Ferdinand,Swaton,fswatonfy@noaa.gov,Male,244.163.177.95
576,Geoffry,Headon,gheadonfz@stumbleupon.com,Male,55.250.24.225
577,Toby,Fallens,tfallensg0@cdc.gov,Male,133.199.181.100
578,Lindy,Leibold,lleiboldg1@webs.com,Agender,29.74.169.26
579,Ermengarde,Pougher,epougherg2@mozilla.com,Female,112.226.129.210
580,Fay,Suddaby,fsuddabyg3@bloomberg.com,Female,222.87.152.177
581,Chevalier,Acklands,cacklandsg4@tripod.com,Male,183.69.70.241
582,Fredia,Stallan,fstallang5@plala.or.jp,Female,217.147.218.93
583,Xenia,Rakes,xrakesg6@timesonline.co.uk,Female,14.109.192.77
584,Claire,Bestwick,cbestwickg7@prnewswire.com,Male,147.52.57.40
585,Korry,Lynds,klyndsg8@eepurl.com,Female,11.33.54.158
586,Polly,Iscowitz,piscowitzg9@topsy.com,Female,105.233.220.171
587,Cherice,Colleer,ccolleerga@eepurl.com,Female,198.228.88.27
588,Javier,Baglan,jbaglangb@yahoo.co.jp,Male,57.224.201.73
589,Oswald,Coales,ocoalesgc@nationalgeographic.com,Male,248.164.152.244
590,Zarah,Tickner,zticknergd@myspace.com,Female,97.234.62.61
591,Dorine,Chirm,dchirmge@ask.com,Female,246.43.74.130
592,North,Corner,ncornergf@about.me,Male,221.238.24.213
593,Gianni,Morcombe,gmorcombegg@shinystat.com,Male,24.137.151.49
594,Almire,Dorrian,adorriangh@macromedia.com,Female,105.67.100.128
595,Demetra,McTeer,dmcteergi@cbslocal.com,Female,231.127.79.17
596,Chantalle,Llewellyn,cllewellyngj@army.mil,Female,68.62.51.247
597,Jasmin,Purves,jpurvesgk@go.com,Agender,49.198.198.3
598,Charmian,Nabbs,cnabbsgl@examiner.com,Female,167.52.56.228
599,Ariella,Alessandrucci,aalessandruccigm@theguardian.com,Female,181.75.9.239
600,Blancha,Linne,blinnegn@flavors.me,Female,233.172.183.47
601,Phineas,Valek,pvalekgo@eventbrite.com,Male,167.122.128.56
602,Krisha,Yitzhakov,kyitzhakovgp@cnbc.com,Male,204.174.221.43
603,Jerri,Dowe,jdowegq@rambler.ru,Male,5.188.131.14
604,Renato,Wanless,rwanlessgr@bigcartel.com,Male,149.110.7.63
605,Meyer,Malatalant,mmalatalantgs@ask.com,Male,134.117.173.230
606,Lucius,Rasher,lrashergt@dagondesign.com,Male,230.69.122.165
607,Dayle,Bosse,dbossegu@va.gov,Female,206.113.123.2
608,Cariotta,Bergeon,cbergeongv@hp.com,Female,146.202.134.62
609,Chevy,Bott,cbottgw@jimdo.com,Male,241.99.101.221
610,Issi,Brok,ibrokgx@odnoklassniki.ru,Female,38.49.27.152
611,Thorstein,Scutcheon,tscutcheongy@abc.net.au,Male,68.14.104.132
612,Scotti,Largent,slargentgz@aol.com,Male,229.191.77.194
613,Granthem,Dunnaway,gdunnawayh0@cnet.com,Male,253.179.3.22
614,Nolana,Skacel,nskacelh1@purevolume.com,Female,2.238.174.115
615,Boothe,Hindhaugh,bhindhaughh2@businessweek.com,Male,39.255.68.161
616,Marcos,Clemon,mclemonh3@webmd.com,Male,96.161.27.150
617,Becka,Bardnam,bbardnamh4@hugedomains.com,Female,235.105.195.27
618,Chic,Hakonsen,chakonsenh5@slideshare.net,Male,237.69.40.253
619,Barbe,Stubbeley,bstubbeleyh6@java.com,Female,91.102.114.93
620,Dalia,Dace,ddaceh7@odnoklassniki.ru,Female,163.137.136.98
621,Drucy,Tutsell,dtutsellh8@chicagotribune.com,Female,35.204.98.183
622,Guillermo,Comini,gcominih9@wordpress.org,Male,55.15.55.239
623,Rafaelia,Poynser,rpoynserha@discovery.com,Female,83.174.176.188
624,Crystie,Gariff,cgariffhb@gizmodo.com,Female,10.168.180.135
625,Jennifer,Aurelius,jaureliushc@samsung.com,Female,133.213.136.234
626,Corbie,Robathon,crobathonhd@dropbox.com,Male,95.202.149.208
627,Anestassia,Van,avanhe@va.gov,Female,98.69.77.125
628,Hunfredo,Jeal,hjealhf@blogtalkradio.com,Male,94.236.251.225
629,Niven,Son,nsonhg@adobe.com,Male,39.188.86.237
630,Erik,Laxen,elaxenhh@google.es,Male,53.244.12.73
631,Jordon,Scarborough,jscarboroughhi@sciencedirect.com,Male,144.193.199.155
632,Hobie,Yakovitch,hyakovitchhj@mashable.com,Male,51.57.159.220
633,Timothea,Nott,tnotthk@e-recht24.de,Female,184.240.106.219
634,Angelita,Fiddeman,afiddemanhl@live.com,Genderqueer,245.212.20.120
635,Jonah,Revening,jreveninghm@woothemes.com,Male,159.132.201.133
636,Ase,Swinnard,aswinnardhn@mit.edu,Male,144.54.222.157
637,Bathsheba,Blissitt,bblissittho@bloomberg.com,Female,160.44.20.46
638,Louis,Aleksic,laleksichp@google.co.jp,Male,135.109.47.112
639,Laetitia,St Pierre,lstpierrehq@examiner.com,Female,246.126.50.220
640,Saxon,Burrett,sburretthr@netscape.com,Male,100.248.85.138
641,Austina,Thorne,athornehs@amazon.de,Female,25.186.194.207
642,Tawnya,Cunliffe,tcunliffeht@go.com,Female,105.217.188.20
643,Padgett,Heasly,pheaslyhu@yahoo.com,Male,198.223.113.236
644,Court,Dillintone,cdillintonehv@pcworld.com,Male,52.44.153.180
645,Ericka,Bode,ebodehw@guardian.co.uk,Female,103.103.211.99
646,Royce,Lillyman,rlillymanhx@unblog.fr,Male,71.164.254.91
647,Ulrich,Ternouth,uternouthhy@ovh.net,Male,190.219.171.86
648,Paton,Avon,pavonhz@disqus.com,Male,184.100.238.126
649,Munroe,McGrowther,mmcgrowtheri0@skyrock.com,Male,246.213.255.153
650,Odella,Michell,omichelli1@infoseek.co.jp,Female,183.172.218.176
651,Ludovico,Helstrom,lhelstromi2@nationalgeographic.com,Male,129.170.42.43
652,Idalina,Callander,icallanderi3@cmu.edu,Female,199.105.222.10
653,Lyman,McCree,lmccreei4@aboutads.info,Male,14.180.109.74
654,Beulah,Pridham,bpridhami5@soundcloud.com,Female,206.234.85.244
655,Chelsey,Lorant,cloranti6@xinhuanet.com,Non-binary,253.59.52.81
656,Floris,Berresford,fberresfordi7@hostgator.com,Female,250.78.14.142
657,Aristotle,Copping,acoppingi8@e-recht24.de,Male,176.49.217.123
658,Darla,Kempton,dkemptoni9@google.ca,Genderfluid,45.59.66.213
659,Rafaelia,Filochov,rfilochovia@about.com,Female,253.40.159.157
660,Sarge,Pashe,spasheib@de.vu,Male,128.151.0.233
661,Fredelia,Withrington,fwithringtonic@webs.com,Female,15.150.5.244
662,Caresse,Tims,ctimsid@walmart.com,Female,74.20.185.177
663,Galina,Barnshaw,gbarnshawie@sina.com.cn,Female,56.41.193.200
664,Nealy,Gittoes,ngittoesif@wix.com,Agender,200.150.43.180
665,Joceline,Brosius,jbrosiusig@va.gov,Female,163.13.10.243
666,Rafferty,Kaygill,rkaygillih@networkadvertising.org,Male,188.56.40.0
667,Monah,Libbis,mlibbisii@delicious.com,Female,19.15.86.63
668,Mortimer,Pellingar,mpellingarij@ow.ly,Male,186.37.126.158
669,Olivette,Pawelski,opawelskiik@hp.com,Female,133.110.135.136
670,Sidonia,Lanchester,slanchesteril@uol.com.br,Female,95.229.5.186
671,Owen,McDonogh,omcdonoghim@51.la,Male,254.72.71.130
672,Gus,McCheyne,gmccheynein@meetup.com,Male,7.84.36.193
673,Guinevere,Parkyns,gparkynsio@artisteer.com,Polygender,55.105.116.135
674,Audry,Alanbrooke,aalanbrookeip@marketwatch.com,Female,60.150.27.122
675,Hetty,Abendroth,habendrothiq@vimeo.com,Female,193.133.122.117
676,Robina,Silmon,rsilmonir@wikipedia.org,Female,179.192.167.173
677,Dody,Glew,dglewis@answers.com,Female,136.31.115.62
678,Hortensia,Lehrer,hlehrerit@xinhuanet.com,Female,31.4.74.187
679,Pearla,Randals,prandalsiu@cmu.edu,Female,148.230.54.30
680,Nickie,Carnalan,ncarnalaniv@typepad.com,Male,72.66.113.149
681,Hardy,Jeffcoat,hjeffcoatiw@netscape.com,Male,200.247.220.123
682,Jo,Horribine,jhorribineix@arizona.edu,Female,150.167.184.52
683,Kameko,Spellessy,kspellessyiy@timesonline.co.uk,Non-binary,69.133.28.129
684,Clarita,Duckerin,cduckeriniz@weather.com,Female,92.156.84.191
685,Ferguson,Gillum,fgillumj0@mac.com,Male,72.61.98.247
686,Fanchon,Brind,fbrindj1@dmoz.org,Agender,14.65.189.204
687,Margot,Sproat,msproatj2@utexas.edu,Female,74.192.176.108
688,Gerda,Glanders,gglandersj3@bbc.co.uk,Female,4.148.92.129
689,Torre,Gavrielli,tgavriellij4@scribd.com,Male,231.177.94.247
690,Broddy,Gocke,bgockej5@so-net.ne.jp,Male,53.111.232.118
691,Junie,Audibert,jaudibertj6@toplist.cz,Female,227.20.204.199
692,Valera,Cavendish,vcavendishj7@globo.com,Female,213.104.191.26
693,Theo,O'Hartnedy,tohartnedyj8@ft.com,Male,112.32.68.38
694,Selina,Casini,scasinij9@utexas.edu,Female,175.165.72.219
695,Lynna,Trillo,ltrilloja@bizjournals.com,Female,107.48.244.134
696,Leigh,Georgel,lgeorgeljb@rediff.com,Female,38.241.185.99
697,Johnny,MacGowing,jmacgowingjc@shareasale.com,Male,128.209.107.235
698,Lexy,Iannello,liannellojd@51.la,Female,223.150.115.249
699,Dru,Tuxsell,dtuxsellje@youtu.be,Male,114.243.62.190
700,Brod,Ibarra,bibarrajf@aol.com,Male,47.118.24.186
701,Judah,Langstone,jlangstonejg@fastcompany.com,Male,29.218.153.44
702,Mehetabel,Oloshin,moloshinjh@fc2.com,Female,96.197.112.166
703,Lucio,Littley,llittleyji@dell.com,Male,108.176.98.164
704,Marielle,Eubank,meubankjj@yellowbook.com,Genderfluid,211.240.82.151
705,Trstram,Cardinal,tcardinaljk@wp.com,Male,53.105.58.213
706,Kimbell,Thatcher,kthatcherjl@example.com,Male,102.98.84.241
707,Esma,McGettrick,emcgettrickjm@abc.net.au,Female,72.15.182.63
708,Fawn,Weatherburn,fweatherburnjn@slideshare.net,Female,71.193.189.86
709,Anett,Suddaby,asuddabyjo@answers.com,Female,138.6.163.232
710,Fenelia,Kilgallon,fkilgallonjp@businessinsider.com,Female,168.231.101.229
711,Judie,Billison,jbillisonjq@liveinternet.ru,Female,97.236.13.13
712,Reynolds,Richen,rrichenjr@ustream.tv,Male,172.5.140.249
713,Marne,Schach,mschachjs@harvard.edu,Female,114.71.174.77
714,Jacquetta,Burd,jburdjt@pinterest.com,Female,2.248.50.18
715,Lucretia,Barnett,lbarnettju@ocn.ne.jp,Female,29.183.174.15
716,Clemmy,McGarrahan,cmcgarrahanjv@marketwatch.com,Polygender,178.220.20.170
717,Greg,Lidgate,glidgatejw@scientificamerican.com,Polygender,142.220.160.175
718,Trixi,Kyllford,tkyllfordjx@livejournal.com,Female,228.121.15.132
719,Dorise,Baldinotti,dbaldinottijy@msu.edu,Female,218.122.157.160
720,Valeria,Comber,vcomberjz@senate.gov,Female,130.189.113.131
721,Sal,Kleinhandler,skleinhandlerk0@kickstarter.com,Male,55.111.39.39
722,Janenna,Poveleye,jpoveleyek1@chicagotribune.com,Female,114.82.185.28
723,Olia,Eidelman,oeidelmank2@spiegel.de,Female,25.199.228.165
724,Edsel,Lackemann,elackemannk3@hibu.com,Male,67.136.162.16
725,Chrysler,Poncet,cponcetk4@addtoany.com,Female,248.85.28.221
726,Rriocard,McGarvey,rmcgarveyk5@amazonaws.com,Male,17.142.210.254
727,Dame,Warmington,dwarmingtonk6@sun.com,Male,233.113.80.149
728,Katharine,Cahen,kcahenk7@is.gd,Female,121.124.211.209
729,Sinclare,Fortin,sfortink8@fc2.com,Polygender,62.191.184.187
730,Berky,Buzzing,bbuzzingk9@archive.org,Male,120.105.6.19
731,Domingo,Mawhinney,dmawhinneyka@google.com,Male,110.14.198.205
732,Godwin,McKain,gmckainkb@lulu.com,Male,126.115.13.74
733,Tirrell,Schuricke,tschurickekc@cornell.edu,Male,116.32.154.8
734,Catharine,Wellbeloved,cwellbelovedkd@cloudflare.com,Female,188.8.239.250
735,Taite,Davern,tdavernke@wufoo.com,Male,99.155.22.112
736,Faith,Yesinov,fyesinovkf@ibm.com,Female,94.155.222.195
737,Miller,Robard,mrobardkg@ted.com,Male,46.22.17.201
738,Rosy,Paolozzi,rpaolozzikh@4shared.com,Female,132.132.54.134
739,Stacie,Kilalea,skilaleaki@ftc.gov,Female,237.125.84.72
740,Rinaldo,O' Mahony,romahonykj@moonfruit.com,Male,119.31.210.172
741,Tanya,Mably,tmablykk@hatena.ne.jp,Non-binary,45.78.177.80
742,Clark,Rockcliffe,crockcliffekl@sourceforge.net,Male,160.90.5.6
743,Wanda,Elvin,welvinkm@g.co,Female,106.159.36.150
744,Monte,Hadwin,mhadwinkn@miibeian.gov.cn,Male,75.149.169.181
745,Paxon,Eaglestone,peaglestoneko@bloglines.com,Male,7.167.248.152
746,Sibylla,Pavese,spavesekp@cmu.edu,Female,200.110.211.122
747,Alexis,Corradini,acorradinikq@blog.com,Female,193.120.209.192
748,Elva,McMenamin,emcmenaminkr@unblog.fr,Female,119.55.210.195
749,Whittaker,Mence,wmenceks@mtv.com,Male,225.19.137.42
750,Liam,Lyosik,llyosikkt@addthis.com,Male,64.123.32.111
751,Margarette,Geraudy,mgeraudyku@archive.org,Genderqueer,150.47.74.104
752,Harmonie,Dosedale,hdosedalekv@geocities.jp,Female,202.255.235.131
753,Mallory,Skelding,mskeldingkw@google.com.br,Non-binary,226.24.89.210
754,Wallache,Tarplee,wtarpleekx@wikimedia.org,Male,90.211.251.224
755,Nickolas,Joao,njoaoky@squarespace.com,Male,185.22.106.122
756,Marys,Freckelton,mfreckeltonkz@gnu.org,Female,18.150.14.116
757,Shir,Curnokk,scurnokkl0@hostgator.com,Female,151.118.190.165
758,Melisenda,Rachuig,mrachuigl1@bluehost.com,Female,28.166.221.46
759,Garry,Raubheim,graubheiml2@java.com,Male,155.52.80.171
760,Vale,MacGuffog,vmacguffogl3@cloudflare.com,Polygender,163.163.47.14
761,Gussy,Scotchmor,gscotchmorl4@salon.com,Bigender,156.46.196.205
762,Joella,d'Arcy,jdarcyl5@pcworld.com,Female,192.69.99.138
763,Barnabas,Brooks,bbrooksl6@howstuffworks.com,Male,161.117.205.252
764,Brewster,Vasyukhichev,bvasyukhichevl7@cloudflare.com,Male,229.120.12.161
765,Pauly,McNern,pmcnernl8@seesaa.net,Male,104.43.213.119
766,Renado,Woolen,rwoolenl9@ustream.tv,Male,230.177.46.175
767,Wilbert,Brunon,wbrunonla@barnesandnoble.com,Male,166.38.125.219
768,Arny,Granham,agranhamlb@cnn.com,Male,188.41.19.236
769,Adara,Liver,aliverlc@jimdo.com,Female,80.186.219.231
770,Bonnibelle,Ramage,bramageld@google.de,Non-binary,43.131.123.229
771,Barnett,Switsur,bswitsurle@admin.ch,Agender,120.70.90.160
772,Kirby,Parcells,kparcellslf@go.com,Male,221.106.228.108
773,Evanne,Morphey,emorpheylg@tinyurl.com,Female,158.197.219.29
774,Bartram,Yurukhin,byurukhinlh@canalblog.com,Male,129.180.1.30
775,Daphne,Morfett,dmorfettli@state.gov,Female,181.229.32.0
776,Alva,Adams,aadamslj@wsj.com,Male,160.107.207.106
777,Harwell,Wale,hwalelk@geocities.jp,Male,212.220.171.217
778,Saloma,Hobell,shobellll@columbia.edu,Female,193.70.183.142
779,Marietta,Dudbridge,mdudbridgelm@myspace.com,Female,201.194.180.149
780,Jodee,Orry,jorryln@ifeng.com,Female,49.23.183.177
781,Duffy,Bullant,dbullantlo@networkadvertising.org,Male,110.226.79.166
782,Dietrich,Coule,dcoulelp@senate.gov,Male,82.161.123.51
783,Mylo,Folomkin,mfolomkinlq@domainmarket.com,Male,170.159.248.245
784,Mariele,Armes,marmeslr@sun.com,Female,189.79.56.184
785,Nicolais,Creamer,ncreamerls@guardian.co.uk,Male,167.8.67.74
786,Marilee,Clapson,mclapsonlt@aboutads.info,Female,96.63.22.206
787,Baudoin,Dunsmuir,bdunsmuirlu@webnode.com,Male,0.13.80.241
788,Doyle,McCamish,dmccamishlv@hugedomains.com,Male,35.253.38.82
789,Ariel,Shear,ashearlw@biblegateway.com,Female,46.184.122.130
790,Guillemette,Cuberley,gcuberleylx@people.com.cn,Female,203.5.174.211
791,Porter,O'Shavlan,poshavlanly@walmart.com,Male,160.66.119.103
792,Caitlin,Boyer,cboyerlz@nyu.edu,Female,168.93.22.110
793,Loise,Mougeot,lmougeotm0@fda.gov,Female,5.97.208.177
794,Danny,Giblin,dgiblinm1@amazon.de,Female,64.171.86.186
795,Charyl,Vasiliu,cvasilium2@scribd.com,Female,194.221.158.154
796,Philippe,Shoreson,pshoresonm3@wikia.com,Female,233.7.55.228
797,Kathryne,Syddall,ksyddallm4@washingtonpost.com,Female,152.155.194.168
798,Tiler,Bartolini,tbartolinim5@phoca.cz,Male,15.129.138.50
799,Willie,Goundsy,wgoundsym6@pagesperso-orange.fr,Male,244.48.50.198
800,Maridel,Matteucci,mmatteuccim7@delicious.com,Female,248.74.206.35
801,Mattias,Joskovitch,mjoskovitchm8@simplemachines.org,Male,5.134.66.242
802,Blondie,Gutherson,bguthersonm9@uol.com.br,Female,210.41.18.147
803,Ivan,Cromar,icromarma@hostgator.com,Male,173.197.124.123
804,Mattheus,Gilding,mgildingmb@unc.edu,Non-binary,236.36.31.78
805,Brice,Surman-Wells,bsurmanwellsmc@nyu.edu,Male,102.205.83.176
806,Louis,Flute,lflutemd@lycos.com,Male,74.223.79.163
807,Britte,O'Doghesty,bodoghestyme@google.cn,Female,142.27.190.60
808,Gertruda,Rowley,growleymf@jimdo.com,Female,135.3.52.199
809,Gunar,de Cullip,gdecullipmg@qq.com,Male,58.27.7.230
810,Britt,Gillaspy,bgillaspymh@army.mil,Agender,62.129.59.157
811,Forrester,Aynscombe,faynscombemi@nbcnews.com,Bigender,48.163.60.79
812,Rhianna,Purveys,rpurveysmj@baidu.com,Female,53.233.228.21
813,Jaclin,Dragoe,jdragoemk@google.co.jp,Female,28.8.220.40
814,Piotr,Goodered,pgooderedml@tuttocitta.it,Male,185.173.170.194
815,Rhoda,Seabright,rseabrightmm@nps.gov,Female,51.200.171.35
816,Leontyne,Cormack,lcormackmn@abc.net.au,Female,101.223.203.32
817,Hertha,Meharg,hmehargmo@usgs.gov,Female,114.250.48.144
818,Wally,Cousans,wcousansmp@i2i.jp,Male,25.200.19.22
819,Joy,Hyde-Chambers,jhydechambersmq@ocn.ne.jp,Female,31.100.234.215
820,Margeaux,Lytell,mlytellmr@reuters.com,Female,236.5.143.175
821,Samaria,Triebner,striebnerms@flavors.me,Female,166.186.202.220
822,Brucie,Discombe,bdiscombemt@wikia.com,Male,67.222.176.225
823,Marvin,Kirwin,mkirwinmu@abc.net.au,Male,119.2.224.131
824,Hill,Tibbits,htibbitsmv@usnews.com,Male,101.193.247.28
825,Sena,Olenchikov,solenchikovmw@cocolog-nifty.com,Female,176.46.38.80
826,Isabeau,Lyston,ilystonmx@cnet.com,Female,26.26.225.48
827,Tim,Zanini,tzaninimy@timesonline.co.uk,Female,109.62.249.128
828,Edgardo,Piatti,epiattimz@webs.com,Male,10.209.162.246
829,Chelsae,Greig,cgreign0@ihg.com,Female,42.117.56.248
830,Cornelius,Godain,cgodainn1@bravesites.com,Male,18.55.215.194
831,Donnajean,Calleja,dcallejan2@epa.gov,Female,48.36.148.91
832,Giorgia,McCulloch,gmccullochn3@google.co.jp,Female,6.184.84.117
833,Garik,Knowlson,gknowlsonn4@uol.com.br,Male,109.82.59.202
834,Cathlene,Casarini,ccasarinin5@ucsd.edu,Female,175.81.174.163
835,Merci,Redrup,mredrupn6@acquirethisname.com,Female,32.7.51.248
836,Bevin,Dugue,bduguen7@wp.com,Male,246.92.158.119
837,Concordia,Gummie,cgummien8@fastcompany.com,Polygender,28.111.66.134
838,Bondie,Gunby,bgunbyn9@hatena.ne.jp,Male,138.56.43.53
839,Gloriane,Rossbrooke,grossbrookena@wordpress.org,Female,177.168.195.174
840,Arvie,Bartholin,abartholinnb@fda.gov,Male,83.75.60.253
841,Somerset,Loveland,slovelandnc@desdev.cn,Male,237.119.189.79
842,Bron,Wilgar,bwilgarnd@github.com,Male,54.146.153.20
843,Manfred,Fudge,mfudgene@prlog.org,Male,31.56.54.72
844,Ansley,Heberden,aheberdennf@ebay.com,Female,162.12.232.149
845,Quinn,Fordyce,qfordyceng@wix.com,Male,196.230.208.145
846,Mabel,Crampin,mcrampinnh@ameblo.jp,Female,16.132.202.172
847,Riordan,Vanne,rvanneni@wisc.edu,Male,248.103.196.60
848,Vaughan,Moland,vmolandnj@springer.com,Male,251.237.107.199
849,Tera,Clemenceau,tclemenceaunk@statcounter.com,Female,22.107.19.55
850,Mendy,Briztman,mbriztmannl@springer.com,Male,185.55.214.1
851,Chilton,Alenshev,calenshevnm@dagondesign.com,Male,248.215.71.171
852,Aili,Everit,aeveritnn@ed.gov,Female,168.63.117.252
853,Cordie,McSporon,cmcsporonno@latimes.com,Male,75.247.93.88
854,Alex,Lewing,alewingnp@alibaba.com,Female,191.149.122.123
855,Jojo,Stickney,jstickneynq@tinypic.com,Female,35.135.81.74
856,Raychel,Dockerty,rdockertynr@noaa.gov,Female,128.106.219.115
857,Augy,Chell,achellns@yellowbook.com,Male,175.132.13.62
858,Kahaleel,O'Loughnan,koloughnannt@live.com,Male,14.214.244.63
859,Manda,Wilfling,mwilflingnu@smh.com.au,Female,1.244.51.253
860,Elita,O'Cahey,eocaheynv@nytimes.com,Female,54.207.215.31
861,Gipsy,McGannon,gmcgannonnw@walmart.com,Female,190.158.189.159
862,Stanislas,Eastlake,seastlakenx@bandcamp.com,Male,161.139.184.74
863,Warren,Kiggel,wkiggelny@forbes.com,Male,214.251.128.205
864,Torrin,Bouller,tboullernz@answers.com,Genderfluid,56.34.75.115
865,Querida,Binyon,qbinyono0@netvibes.com,Female,214.83.8.33
866,L;urette,Paolo,lpaoloo1@google.ru,Female,255.58.8.41
867,Dora,Raoult,draoulto2@samsung.com,Female,152.173.105.66
868,Gabriellia,Maase,gmaaseo3@buzzfeed.com,Female,71.221.92.115
869,Feodor,Wash,fwasho4@csmonitor.com,Male,233.119.132.218
870,Rollie,Pitkeathley,rpitkeathleyo5@wikia.com,Male,26.159.156.82
871,Cristy,Rowbotham,crowbothamo6@walmart.com,Female,248.252.50.118
872,Asher,Conti,acontio7@msu.edu,Bigender,10.74.56.154
873,Viola,McMenamie,vmcmenamieo8@xinhuanet.com,Female,223.65.255.58
874,Micheil,Keemar,mkeemaro9@fc2.com,Male,159.26.71.234
875,Elvina,Dargie,edargieoa@chicagotribune.com,Female,233.138.162.157
876,Nikos,Tarrant,ntarrantob@google.cn,Male,51.31.225.151
877,Alphonse,Olyet,aolyetoc@theatlantic.com,Male,105.231.163.110
878,Anallise,Panichelli,apanichelliod@angelfire.com,Female,101.123.7.28
879,Maggi,Mussetti,mmussettioe@irs.gov,Female,119.199.168.2
880,Drake,Crichmer,dcrichmerof@issuu.com,Male,152.198.176.148
881,Prentice,Reimers,preimersog@linkedin.com,Male,242.77.62.247
882,Shelli,Scough,sscoughoh@photobucket.com,Bigender,201.130.11.4
883,Rand,Bortolutti,rbortoluttioi@ehow.com,Male,144.215.38.130
884,Shae,Bladesmith,sbladesmithoj@jiathis.com,Male,101.238.0.60
885,Althea,Sivil,asivilok@indiatimes.com,Female,135.160.114.42
886,Viviene,Halfacre,vhalfacreol@reference.com,Female,137.115.68.28
887,Herbert,MacGee,hmacgeeom@ucoz.ru,Male,255.198.241.85
888,Reese,Vowells,rvowellson@mashable.com,Polygender,133.97.247.15
889,Malissa,Biggerdike,mbiggerdikeoo@japanpost.jp,Female,193.166.143.159
890,Basile,Raffin,braffinop@issuu.com,Male,113.244.134.211
891,Berkeley,Loughman,bloughmanoq@intel.com,Male,149.61.18.62
892,Zane,Asbrey,zasbreyor@google.it,Male,68.223.108.196
893,Hieronymus,Heak,hheakos@cmu.edu,Male,93.152.255.63
894,Umeko,Crowhurst,ucrowhurstot@gizmodo.com,Female,69.120.107.4
895,Grover,Rayhill,grayhillou@ibm.com,Male,131.78.9.82
896,Horten,Capenor,hcapenorov@shutterfly.com,Male,60.232.195.32
897,Sigvard,Dunthorn,sdunthornow@about.me,Male,179.173.245.160
898,Dagny,Slowgrove,dslowgroveox@1688.com,Male,94.210.156.81
899,Erny,Pullman,epullmanoy@nsw.gov.au,Male,201.177.169.218
900,Candice,Jaggar,cjaggaroz@yahoo.co.jp,Polygender,97.133.146.30
901,Napoleon,Carrane,ncarranep0@wp.com,Male,192.16.153.108
902,Ileane,Greenman,igreenmanp1@unicef.org,Female,125.134.168.33
903,Karena,Sangar,ksangarp2@dailymail.co.uk,Female,172.131.38.47
904,Clarice,Mc Gaughey,cmcgaugheyp3@newsvine.com,Female,229.60.134.99
905,Shea,Trahmel,strahmelp4@rediff.com,Female,130.89.42.119
906,Blisse,Nel,bnelp5@delicious.com,Female,171.23.50.248
907,Patience,Attenborrow,pattenborrowp6@businessinsider.com,Female,136.33.118.172
908,Kathleen,Braunroth,kbraunrothp7@taobao.com,Female,61.234.231.57
909,Filmore,Well,fwellp8@sitemeter.com,Male,17.176.116.252
910,Letitia,Marlen,lmarlenp9@aboutads.info,Female,52.50.62.32
911,Rhonda,Hempshall,rhempshallpa@statcounter.com,Polygender,94.46.70.62
912,Putnem,Hartmann,phartmannpb@oracle.com,Male,45.250.170.105
913,Grady,Wiltshaw,gwiltshawpc@youtube.com,Male,102.159.115.147
914,Justinian,Torrance,jtorrancepd@qq.com,Male,165.78.46.144
915,Marcellus,Blight,mblightpe@acquirethisname.com,Male,199.154.237.156
916,Erl,Affleck,eaffleckpf@eepurl.com,Male,1.187.231.248
917,Waylen,Stenners,wstennerspg@patch.com,Male,90.107.52.131
918,Albrecht,Lyokhin,alyokhinph@so-net.ne.jp,Male,51.219.121.167
919,Eada,Crabtree,ecrabtreepi@hugedomains.com,Female,71.4.217.168
920,Gearard,Castrillo,gcastrillopj@wiley.com,Male,153.110.53.195
921,Bartolemo,Paskerful,bpaskerfulpk@gmpg.org,Male,12.41.90.80
922,Nan,O'Logan,nologanpl@pbs.org,Female,122.99.48.109
923,Shellie,Bromidge,sbromidgepm@nasa.gov,Female,138.63.107.235
924,Dru,Swannie,dswanniepn@icio.us,Male,24.56.202.15
925,Harley,Clapison,hclapisonpo@fastcompany.com,Female,51.206.32.232
926,Dedie,Luffman,dluffmanpp@icio.us,Female,181.46.205.148
927,Miles,Erbe,merbepq@smh.com.au,Male,99.78.49.10
928,Halsey,Cunniam,hcunniampr@xinhuanet.com,Male,134.32.54.119
929,Ronna,Castard,rcastardps@cyberchimps.com,Female,188.239.49.86
930,Hadlee,Eggins,hegginspt@dailymotion.com,Male,157.206.67.168
931,Berkley,Phillput,bphillputpu@theatlantic.com,Male,243.100.55.252
932,Abby,McCerery,amccererypv@bloomberg.com,Male,14.31.171.244
933,Ruby,Tynewell,rtynewellpw@wikipedia.org,Male,96.179.173.137
934,Carri,Loutheane,cloutheanepx@edublogs.org,Female,88.111.12.250
935,Tedra,Walster,twalsterpy@tamu.edu,Female,99.156.2.142
936,Leeann,Dabels,ldabelspz@jalbum.net,Female,243.158.146.61
937,Nyssa,Hurdman,nhurdmanq0@craigslist.org,Female,145.202.165.148
938,Carlene,Spitaro,cspitaroq1@constantcontact.com,Non-binary,144.143.48.24
939,Tilda,Lotherington,tlotheringtonq2@foxnews.com,Female,212.205.83.43
940,Kerwin,Prene,kpreneq3@nih.gov,Male,94.2.54.3
941,Clarence,Dellatorre,cdellatorreq4@exblog.jp,Non-binary,26.121.150.94
942,Damon,Dabes,ddabesq5@nhs.uk,Male,95.0.39.226
943,Lindi,Hanstock,lhanstockq6@gmpg.org,Female,251.246.108.206
944,Brendon,Mulberry,bmulberryq7@indiegogo.com,Male,36.164.43.169
945,Dame,Gabites,dgabitesq8@redcross.org,Male,96.161.157.160
946,Bathsheba,La Torre,blatorreq9@nsw.gov.au,Female,34.147.195.230
947,Chariot,Deener,cdeenerqa@gov.uk,Male,175.190.218.41
948,Buffy,Counter,bcounterqb@uiuc.edu,Female,68.183.18.227
949,Heall,Berg,hbergqc@last.fm,Male,65.219.220.71
950,Vin,Starbuck,vstarbuckqd@cyberchimps.com,Female,179.131.39.97
951,Jacky,Callinan,jcallinanqe@opera.com,Male,25.149.233.228
952,Linette,Ashling,lashlingqf@washington.edu,Female,87.53.69.148
953,Amory,Di Batista,adibatistaqg@blogtalkradio.com,Male,39.162.134.96
954,Devonna,Brognot,dbrognotqh@nymag.com,Female,170.11.227.255
955,Konstance,Cordero,kcorderoqi@flickr.com,Genderfluid,4.248.97.221
956,Eleonore,Feldman,efeldmanqj@imageshack.us,Female,235.154.213.10
957,Guido,Powland,gpowlandqk@timesonline.co.uk,Male,161.59.176.130
958,Alonso,Tupling,atuplingql@alexa.com,Male,109.138.131.140
959,Jojo,Jozef,jjozefqm@cocolog-nifty.com,Female,64.236.245.189
960,Gian,Carnson,gcarnsonqn@apache.org,Male,128.49.243.40
961,Sheridan,McGlaughn,smcglaughnqo@cyberchimps.com,Male,183.211.117.22
962,Duke,Kieran,dkieranqp@java.com,Bigender,14.39.64.115
963,Gage,Twiddy,gtwiddyqq@nps.gov,Male,234.26.68.172
964,Willi,Challiner,wchallinerqr@loc.gov,Male,82.181.40.47
965,Felice,Schroder,fschroderqs@baidu.com,Female,6.148.45.196
966,Matty,Satchel,msatchelqt@eventbrite.com,Male,118.127.222.55
967,Jocelin,Bramsom,jbramsomqu@arstechnica.com,Female,106.9.223.177
968,Jay,Bilbery,jbilberyqv@biblegateway.com,Genderfluid,59.115.4.169
969,Killie,Bleakley,kbleakleyqw@lulu.com,Male,202.248.191.156
970,Garald,Colenutt,gcolenuttqx@weibo.com,Male,70.14.173.92
971,Dee dee,Reicherz,dreicherzqy@nationalgeographic.com,Female,5.81.60.118
972,Dareen,Whiteson,dwhitesonqz@blog.com,Female,108.255.21.9
973,Nap,Quaintance,nquaintancer0@dagondesign.com,Male,121.212.244.95
974,Oby,Gutans,ogutansr1@topsy.com,Male,116.62.22.201
975,Dalli,Botler,dbotlerr2@bloglines.com,Male,254.110.7.93
976,Cora,Redan,credanr3@comcast.net,Female,81.34.127.106
977,Kelcie,Sipson,ksipsonr4@chronoengine.com,Female,189.173.37.162
978,Valerie,Martini,vmartinir5@virginia.edu,Female,77.204.210.145
979,Gordie,Olivia,goliviar6@google.com.hk,Male,166.232.43.84
980,Flynn,Devenny,fdevennyr7@homestead.com,Male,26.6.243.165
981,Kylen,Wasielewicz,kwasielewiczr8@paypal.com,Female,76.82.254.83
982,Wesley,Vivers,wviversr9@ftc.gov,Male,42.135.185.145
983,Floris,Nisuis,fnisuisra@mlb.com,Polygender,51.88.189.118
984,Burton,Ruffell,bruffellrb@slideshare.net,Male,6.98.184.195
985,Freemon,Headan,fheadanrc@dailymail.co.uk,Male,126.76.169.94
986,Cliff,Massow,cmassowrd@cyberchimps.com,Male,253.87.153.42
987,Boniface,Sangra,bsangrare@who.int,Male,134.216.219.135
988,Abran,Keogh,akeoghrf@sciencedaily.com,Genderfluid,47.149.120.230
989,Pauli,Millier,pmillierrg@pagesperso-orange.fr,Female,165.138.92.78
990,Osgood,Heardman,oheardmanrh@liveinternet.ru,Male,148.140.121.177
991,Kane,Mitcheson,kmitchesonri@oaic.gov.au,Male,167.71.194.85
992,Ozzy,Kays,okaysrj@mediafire.com,Male,190.46.9.75
993,Petr,Jeffers,pjeffersrk@google.cn,Male,98.250.233.0
994,Suzann,Sokill,ssokillrl@google.fr,Female,58.204.117.236
995,Glendon,Richardson,grichardsonrm@tinyurl.com,Male,88.229.184.111
996,Carry,Reggler,cregglerrn@about.me,Female,80.47.212.157
997,Elysia,Radbourne,eradbournero@google.cn,Female,129.166.191.48
998,Charla,Fattorini,cfattorinirp@google.ru,Female,179.188.190.39
999,Kelila,Doulton,kdoultonrq@delicious.com,Female,129.121.44.197
1000,Seline,Wearn,swearnrr@google.nl,Female,229.69.64.56
